{
  "total_mentions": {
    "atomberg": 65,
    "crompton": 12,
    "havells": 13,
    "orient": 13,
    "usha": 4,
    "bajaj": 5
  },
  "positive_mentions": {
    "atomberg": 14,
    "crompton": 3,
    "havells": 2,
    "orient": 3,
    "usha": 1,
    "bajaj": 2
  },
  "negative_mentions": {
    "atomberg": 1,
    "crompton": 1,
    "havells": 0,
    "orient": 0,
    "usha": 0,
    "bajaj": 0
  },
  "sov_percentages": {
    "atomberg": 58.03571428571429,
    "crompton": 10.714285714285714,
    "havells": 11.607142857142858,
    "orient": 11.607142857142858,
    "usha": 3.571428571428571,
    "bajaj": 4.464285714285714
  },
  "positive_sov": {
    "atomberg": 56.00000000000001,
    "crompton": 12.0,
    "havells": 8.0,
    "orient": 12.0,
    "usha": 4.0,
    "bajaj": 8.0
  },
  "total_comments": 1328,
  "videos_analyzed": 50
}