{
  "total_mentions": {
    "atomberg": 64,
    "crompton": 11,
    "havells": 10,
    "orient": 13,
    "usha": 4,
    "bajaj": 5
  },
  "positive_mentions": {
    "atomberg": 14,
    "crompton": 2,
    "havells": 2,
    "orient": 3,
    "usha": 1,
    "bajaj": 2
  },
  "negative_mentions": {
    "atomberg": 1,
    "crompton": 1,
    "havells": 0,
    "orient": 0,
    "usha": 0,
    "bajaj": 0
  },
  "sov_percentages": {
    "atomberg": 59.813084112149525,
    "crompton": 10.2803738317757,
    "havells": 9.345794392523365,
    "orient": 12.149532710280374,
    "usha": 3.7383177570093453,
    "bajaj": 4.672897196261682
  },
  "positive_sov": {
    "atomberg": 58.333333333333336,
    "crompton": 8.333333333333332,
    "havells": 8.333333333333332,
    "orient": 12.5,
    "usha": 4.166666666666666,
    "bajaj": 8.333333333333332
  },
  "total_comments": 1250,
  "videos_analyzed": 50
}